SET FOREIGN_KEY_CHECKS=0;
TRUNCATE TABLE clinic.owners;
insert into owners (id, first_name, last_name, address, city, telephone) values (1, 'Abbie', 'Antcliff', '4785 Dayton Terrace', 'Jiehu', '969-742-1358');
insert into owners (id, first_name, last_name, address, city, telephone) values (2, 'Sansone', 'Kehir', '62 Magdeline Crossing', 'Río Blanco', '876-763-9511');
insert into owners (id, first_name, last_name, address, city, telephone) values (3, 'Adelle', 'Corneliussen', '16 Corscot Drive', 'San Fernando', '154-188-5902');
insert into owners (id, first_name, last_name, address, city, telephone) values (4, 'Harriet', 'Astill', '25184 Bonner Junction', 'Krasnodar', '338-212-0661');
insert into owners (id, first_name, last_name, address, city, telephone) values (5, 'Raquela', 'Wraxall', '57 Service Crossing', 'Luzhuangzi', '920-725-8854');
insert into owners (id, first_name, last_name, address, city, telephone) values (6, 'Meridel', 'Seydlitz', '442 South Avenue', 'Halamendu', '642-965-0779');
insert into owners (id, first_name, last_name, address, city, telephone) values (7, 'Nannette', 'Armfirld', '4 Ronald Regan Terrace', '‘Ūrīf', '554-670-6906');
insert into owners (id, first_name, last_name, address, city, telephone) values (8, 'Rik', 'Bouldon', '13 American Park', 'Gobabis', '877-666-9571');
insert into owners (id, first_name, last_name, address, city, telephone) values (9, 'Brewer', 'Maffezzoli', '32938 Harper Point', 'Itambé', '493-724-8441');
insert into owners (id, first_name, last_name, address, city, telephone) values (10, 'Sonnnie', 'Daniau', '792 Briar Crest Street', 'Debar', '516-417-4069');
insert into owners (id, first_name, last_name, address, city, telephone) values (11, 'Lewie', 'Carlino', '72 3rd Place', 'Bento Gonçalves', '296-464-7852');
insert into owners (id, first_name, last_name, address, city, telephone) values (12, 'Clemmy', 'Winscomb', '2170 Maple Trail', 'Sim', '733-366-2887');
insert into owners (id, first_name, last_name, address, city, telephone) values (13, 'Bevan', 'Bento', '519 Hansons Terrace', 'Yidu', '966-797-6604');
insert into owners (id, first_name, last_name, address, city, telephone) values (14, 'Rivi', 'Chamberlin', '74 Brickson Park Junction', 'Obrera', '644-670-3908');
insert into owners (id, first_name, last_name, address, city, telephone) values (15, 'Georgena', 'Nan Carrow', '558 Lakewood Gardens Trail', 'Tengger', '882-978-4223');
insert into owners (id, first_name, last_name, address, city, telephone) values (16, 'Pinchas', 'Hubner', '9627 Schlimgen Road', 'Dolní Bečva', '426-876-2877');
insert into owners (id, first_name, last_name, address, city, telephone) values (17, 'Erek', 'Jenton', '95264 Nancy Crossing', 'Bukhovo', '671-981-8552');
insert into owners (id, first_name, last_name, address, city, telephone) values (18, 'Quint', 'Herrema', '057 Linden Avenue', 'Trablice', '293-920-5743');
insert into owners (id, first_name, last_name, address, city, telephone) values (19, 'Dov', 'Ravenscroftt', '75 Michigan Alley', 'Huasahuasi', '968-356-3150');
insert into owners (id, first_name, last_name, address, city, telephone) values (20, 'Sawyere', 'Lamort', '46 Transport Terrace', 'Birmingham', '878-698-4672');

TRUNCATE TABLE clinic.pets;
insert into pets (id, birth_date, name, owner_id, type_id) values (1, '2016/10/26', 'Neile', 3, 2);
insert into pets (id, birth_date, name, owner_id, type_id) values (2, '2014/06/06', 'Jed', 16, 1);
insert into pets (id, birth_date, name, owner_id, type_id) values (3, '2017/12/16', 'Hashim', 8, 2);
insert into pets (id, birth_date, name, owner_id, type_id) values (4, '2015/04/08', 'Webster', 7, 1);
insert into pets (id, birth_date, name, owner_id, type_id) values (5, '2011/05/25', 'Lorenza', 4, 1);
insert into pets (id, birth_date, name, owner_id, type_id) values (6, '2013/12/27', 'Burty', 3, 1);
insert into pets (id, birth_date, name, owner_id, type_id) values (7, '2014/07/12', 'Alene', 15, 2);
insert into pets (id, birth_date, name, owner_id, type_id) values (8, '2014/06/28', 'Trenton', 12, 2);
insert into pets (id, birth_date, name, owner_id, type_id) values (9, '2015/01/20', 'Lannie', 2, 1);
insert into pets (id, birth_date, name, owner_id, type_id) values (10, '2013/11/25', 'Olivie', 18, 1);
insert into pets (id, birth_date, name, owner_id, type_id) values (11, '2015/10/02', 'Luci', 18, 1);
insert into pets (id, birth_date, name, owner_id, type_id) values (12, '2019/06/07', 'Claudelle', 13, 2);
insert into pets (id, birth_date, name, owner_id, type_id) values (13, '2016/06/12', 'Chevy', 7, 2);
insert into pets (id, birth_date, name, owner_id, type_id) values (14, '2014/12/09', 'Minna', 18, 2);
insert into pets (id, birth_date, name, owner_id, type_id) values (15, '2016/03/28', 'Layton', 14, 2);
insert into pets (id, birth_date, name, owner_id, type_id) values (16, '2019/07/27', 'Glad', 17, 2);
insert into pets (id, birth_date, name, owner_id, type_id) values (17, '2017/03/08', 'Kalle', 20, 1);
insert into pets (id, birth_date, name, owner_id, type_id) values (18, '2015/11/04', 'Allina', 18, 2);
insert into pets (id, birth_date, name, owner_id, type_id) values (19, '2014/08/30', 'Kile', 5, 1);
insert into pets (id, birth_date, name, owner_id, type_id) values (20, '2012/09/04', 'Saunderson', 13, 2);

TRUNCATE TABLE clinic.vets;
insert into vets (id, first_name, last_name) values (1, 'Marty', 'McKilroe');
insert into vets (id, first_name, last_name) values (2, 'Bradly', 'Playle');
insert into vets (id, first_name, last_name) values (3, 'Dasha', 'Joskowitz');
insert into vets (id, first_name, last_name) values (4, 'Concordia', 'Rozalski');
insert into vets (id, first_name, last_name) values (5, 'Geri', 'Vasile');

TRUNCATE TABLE clinic.vet_specialities;
insert into vet_specialities (vet_id, speciality_id) values (2, 3);
insert into vet_specialities (vet_id, speciality_id) values (4, 1);
insert into vet_specialities (vet_id, speciality_id) values (3, 2);
insert into vet_specialities (vet_id, speciality_id) values (2, 2);
insert into vet_specialities (vet_id, speciality_id) values (3, 1);
insert into vet_specialities (vet_id, speciality_id) values (1, 2);
insert into vet_specialities (vet_id, speciality_id) values (5, 3);
insert into vet_specialities (vet_id, speciality_id) values (4, 2);

TRUNCATE TABLE clinic.visits;
insert into visits (id, date, description, pet_id) values (1, '2020-04-16', 'Stable burst fracture of T7-T8 vertebra, sequela', 15);
insert into visits (id, date, description, pet_id) values (2, '2019-09-30', 'Hit by object due to uncontrolled fire, not in bldg', 6);
insert into visits (id, date, description, pet_id) values (3, '2019-10-05', 'Mtrcy driver injured in collision w pedl cyc nontraf, subs', 3);
insert into visits (id, date, description, pet_id) values (4, '2020-10-09', 'Malignant carcinoid tumor of unspecified site', 19);
insert into visits (id, date, description, pet_id) values (5, '2020-03-15', 'Unsp focal TBI w LOC of 6 hours to 24 hours', 4);
insert into visits (id, date, description, pet_id) values (6, '2020-06-26', 'Scotoma of blind spot area, right eye', 15);
insert into visits (id, date, description, pet_id) values (7, '2019-11-09', 'Unsp opn wnd r frnt wl of thorax w/o penet thor cavity, init', 16);
insert into visits (id, date, description, pet_id) values (8, '2019-12-06', 'Oth fx low end unsp femr, 7thQ', 4);
insert into visits (id, date, description, pet_id) values (9, '2020-11-04', 'Other superficial bite of right forearm', 3);
insert into visits (id, date, description, pet_id) values (10, '2019-08-10', 'Inj lesser saphenous vein at lower leg level, left leg', 12);
