SET FOREIGN_KEY_CHECKS=0;
TRUNCATE TABLE clinic.users;
insert into users (id, username, email, status) values (1, 'admin', 'jvorley0@illinois.edu', 'ACTIVE');
insert into users (id, username, email, status) values (2, 'ctucsell1', 'jleve1@nymag.com', 'ACTIVE');
insert into users (id, username, email, status) values (3, 'bcartmel2', 'rpimlott2@harvard.edu', 'ACTIVE');
insert into users (id, username, email, status) values (4, 'lmorit3', 'clowless3@nyu.edu', 'ACTIVE');
insert into users (id, username, email, status) values (5, 'odivall4', 'mventam4@gov.uk', 'ACTIVE');
insert into users (id, username, email, status) values (6, 'kstoate5', 'jinstock5@nature.com', 'ACTIVE');
insert into users (id, username, email, status) values (7, 'mcollecott6', 'pbradborne6@blogger.com', 'ACTIVE');
insert into users (id, username, email, status) values (8, 'nfever7', 'mjean7@eventbrite.com', 'ACTIVE');
insert into users (id, username, email, status) values (9, 'clugton8', 'rbelfitt8@cafepress.com', 'ACTIVE');
insert into users (id, username, email, status) values (10, 'kcharrett9', 'hkippling9@home.pl', 'ACTIVE');
insert into users (id, username, email, status) values (11, 'pburnyeata', 'apattinia@utexas.edu', 'ACTIVE');
insert into users (id, username, email, status) values (12, 'ccatonneb', 'nemblenb@list-manage.com', 'ACTIVE');
insert into users (id, username, email, status) values (13, 'bpetrenkoc', 'kledstonec@epa.gov', 'ACTIVE');
insert into users (id, username, email, status) values (14, 'abrandtd', 'cwinghamd@fotki.com', 'ACTIVE');
insert into users (id, username, email, status) values (15, 'cacee', 'lconrye@jigsy.com', 'ACTIVE');
insert into users (id, username, email, status) values (16, 'iadenetf', 'agarfootf@ucla.edu', 'ACTIVE');
insert into users (id, username, email, status) values (17, 'lbrownswordg', 'jconnickg@xing.com', 'ACTIVE');
insert into users (id, username, email, status) values (18, 'dghidottih', 'tboggesh@eventbrite.com', 'ACTIVE');
insert into users (id, username, email, status) values (19, 'zlindenmani', 'memnoneyi@ed.gov', 'ACTIVE');
insert into users (id, username, email, status) values (20, 'dtalej', 'dwhopplesj@tinypic.com', 'ACTIVE');

TRUNCATE TABLE clinic.pets;
insert into pets (id, name, birth_date, owner_id, type_id) values (1, 'Marcella', '2020-12-12', 15, 2);
insert into pets (id, name, birth_date, owner_id, type_id) values (2, 'Persis',  '2019-10-10', 12, 1);
insert into pets (id, name, birth_date, owner_id, type_id) values (3, 'Catha',  '2019-10-10', 17, 1);
insert into pets (id, name, birth_date, owner_id, type_id) values (4, 'Carmella',  '2019-10-10', 17, 1);
insert into pets (id, name, birth_date, owner_id, type_id) values (5, 'Revkah',  '2019-10-10', 20, 2);
insert into pets (id, name, birth_date, owner_id, type_id) values (6, 'Adolf',  '2019-10-10', 4, 2);
insert into pets (id, name, birth_date, owner_id, type_id) values (7, 'Lilly',  '2019-10-10', 19, 2);
insert into pets (id, name, birth_date, owner_id, type_id) values (8, 'Cordie',  '2019-10-10', 11, 1);
insert into pets (id, name, birth_date, owner_id, type_id) values (9, 'Netty',  '2019-10-10', 17, 1);
insert into pets (id, name, birth_date, owner_id, type_id) values (10, 'Mel',  '2019-10-10', 19, 2);
insert into pets (id, name, birth_date, owner_id, type_id) values (11, 'Wait',  '2019-10-10', 9, 2);
insert into pets (id, name, birth_date, owner_id, type_id) values (12, 'Ky',  '2019-10-10', 3, 2);
insert into pets (id, name, birth_date, owner_id, type_id) values (13, 'Dotty',  '2019-10-10', 10, 2);
insert into pets (id, name, birth_date, owner_id, type_id) values (14, 'Angela',  '2019-10-10', 14, 2);
insert into pets (id, name, birth_date, owner_id, type_id) values (15, 'Ema',  '2019-10-10', 5, 1);
insert into pets (id, name, birth_date, owner_id, type_id) values (16, 'Udall',  '2019-10-10', 9, 1);
insert into pets (id, name, birth_date, owner_id, type_id) values (17, 'Augustin',  '2019-10-10', 7, 2);
insert into pets (id, name, birth_date, owner_id, type_id) values (18, 'Tommie',  '2019-10-10', 9, 1);
insert into pets (id, name, birth_date, owner_id, type_id) values (19, 'Vida',  '2019-10-10', 13, 2);
insert into pets (id, name, birth_date, owner_id, type_id) values (20, 'Hewet',  '2019-10-10', 19, 1);
insert into pets (id, name, birth_date, owner_id, type_id) values (21, 'Noland',  '2019-10-10', 7, 1);
insert into pets (id, name, birth_date, owner_id, type_id) values (22, 'Henriette',  '2019-10-10', 17, 2);
insert into pets (id, name, birth_date, owner_id, type_id) values (23, 'Wilmar',  '2019-10-10', 14, 1);
insert into pets (id, name, birth_date, owner_id, type_id) values (24, 'Livy',  '2019-10-10', 17, 1);
insert into pets (id, name, birth_date, owner_id, type_id) values (25, 'Federico',  '2019-10-10', 16, 2);
insert into pets (id, name, birth_date, owner_id, type_id) values (26, 'Corella',  '2019-10-10', 14, 1);
insert into pets (id, name, birth_date, owner_id, type_id) values (27, 'Niels',  '2019-10-10', 12, 1);
insert into pets (id, name, birth_date, owner_id, type_id) values (28, 'Almira',  '2019-10-10', 9, 2);
insert into pets (id, name, birth_date, owner_id, type_id) values (29, 'Lyndsie',  '2019-10-10', 6, 2);
insert into pets (id, name, birth_date, owner_id, type_id) values (30, 'Jeanie',  '2019-10-10', 20, 1);
insert into pets (id, name, birth_date, owner_id, type_id) values (31, 'Wilona',  '2019-10-10', 9, 1);
insert into pets (id, name, birth_date, owner_id, type_id) values (32, 'Rock',  '2019-10-10', 8, 1);
insert into pets (id, name, birth_date, owner_id, type_id) values (33, 'Cart',  '2019-10-10', 19, 2);
insert into pets (id, name, birth_date, owner_id, type_id) values (34, 'Ammamaria',  '2019-10-10', 14, 1);
insert into pets (id, name, birth_date, owner_id, type_id) values (35, 'Faythe',  '2019-10-10', 18, 2);
insert into pets (id, name, birth_date, owner_id, type_id) values (36, 'Germana',  '2019-10-10', 19, 2);
insert into pets (id, name, birth_date, owner_id, type_id) values (37, 'Sergent',  '2019-10-10', 17, 1);
insert into pets (id, name, birth_date, owner_id, type_id) values (38, 'Davis',  '2019-10-10', 11, 2);
insert into pets (id, name, birth_date, owner_id, type_id) values (39, 'Frasier',  '2019-10-10', 2, 1);
insert into pets (id, name, birth_date, owner_id, type_id) values (40, 'Starr',  '2019-10-10', 1, 2);

TRUNCATE TABLE clinic.owners;
insert into owners (id, first_name, last_name, address, city, telephone, user_id) values (1, 'Shalne', 'Pinkerton', '64 Mallory Trail', 'Hwado', '154-412-5018', 6);
insert into owners (id, first_name, last_name, address, city, telephone, user_id) values (2, 'Sibel', 'Grundon', '676 Everett Center', 'Zarzis', '890-393-4918', 7);
insert into owners (id, first_name, last_name, address, city, telephone, user_id) values (3, 'Beverley', 'Bragge', '0513 Magdeline Hill', 'Telaga', '142-584-7530', 8);
insert into owners (id, first_name, last_name, address, city, telephone, user_id) values (4, 'Rowan', 'Poll', '612 High Crossing Road', 'Jianping', '378-488-8114', 9);
insert into owners (id, first_name, last_name, address, city, telephone, user_id) values (5, 'Ardra', 'Riddlesden', '06 Helena Point', 'Kuluran', '280-865-4230', 10);
insert into owners (id, first_name, last_name, address, city, telephone, user_id) values (6, 'Aldrich', 'Titterrell', '1655 Kedzie Road', 'Madīnat ash Shamāl', '241-304-8619', 11);
insert into owners (id, first_name, last_name, address, city, telephone, user_id) values (7, 'Leopold', 'Grew', '8 Hoffman Junction', 'Sufālat Samā’il', '987-467-5294', 12);
insert into owners (id, first_name, last_name, address, city, telephone, user_id) values (8, 'Ryun', 'Alfonzo', '88 Scott Place', 'Changping', '717-891-1295', 13);
insert into owners (id, first_name, last_name, address, city, telephone, user_id) values (9, 'Christoforo', 'Courtman', '33767 Bay Way', 'Portoviejo', '223-304-3174', 14);
insert into owners (id, first_name, last_name, address, city, telephone, user_id) values (10, 'Bellanca', 'Boath', '8905 Badeau Way', 'Maputsoe', '116-319-7493', 15);
insert into owners (id, first_name, last_name, address, city, telephone, user_id) values (11, 'Leoine', 'Coombes', '6 Glendale Circle', 'Cherbourg-Octeville', '767-301-2744', 16);
insert into owners (id, first_name, last_name, address, city, telephone, user_id) values (12, 'Rolph', 'Kender', '65775 Becker Way', 'Kemuning', '394-752-6262', 17);
insert into owners (id, first_name, last_name, address, city, telephone, user_id) values (13, 'Roma', 'Scocroft', '523 Twin Pines Point', 'Shanjiang', '600-595-7431', 18);
insert into owners (id, first_name, last_name, address, city, telephone, user_id) values (14, 'Reid', 'Wyeld', '83678 Kinsman Drive', 'Ukhta', '723-457-2808', 19);
insert into owners (id, first_name, last_name, address, city, telephone, user_id) values (15, 'Reid', 'Wyeld', '83678 Kinsman Drive', 'Ukhta', '723-457-2808', 20);


